{
  "validation": {
    "WA": {
      "mean": 0.9251700680272109,
      "std": 0.0009620500424306884
    },
    "UA": {
      "mean": 0.9252893629222968,
      "std": 0.000580068262973834
    },
    "WF1": {
      "mean": 0.9253125678563262,
      "std": 0.0009868314795960964
    },
    "Macro_F1": {
      "mean": 0.9240724705027715,
      "std": 0.0007939870038401086
    }
  },
  "test": {
    "WA": {
      "mean": 0.9346938775510204,
      "std": 0.0
    },
    "UA": {
      "mean": 0.9343010548394028,
      "std": 0.0003720763177153393
    },
    "WF1": {
      "mean": 0.9349814299550611,
      "std": 0.00011597704380794834
    },
    "Macro_F1": {
      "mean": 0.933221729532964,
      "std": 0.00010420445619746799
    }
  }
}