{
  "WA": {
    "mean": 0.7221521647751156,
    "std": 0.022019001015063145,
    "ci_95": 0.024916845280133364,
    "values": [
      0.691046658259773,
      0.7364438839848676,
      0.7389659520807061
    ]
  },
  "UA": {
    "mean": 0.7192304169528407,
    "std": 0.002779476106028066,
    "ci_95": 0.003145273304922016,
    "values": [
      0.7207333879405567,
      0.7216244107219145,
      0.7153334521960508
    ]
  },
  "WF1": {
    "mean": 0.7236957095686396,
    "std": 0.018628666283064744,
    "ci_95": 0.02108032036661543,
    "values": [
      0.6974733927017257,
      0.7390053640396327,
      0.7346083719645604
    ]
  },
  "Macro_F1": {
    "mean": 0.682774443623801,
    "std": 0.017921814675838223,
    "ci_95": 0.0202804424738251,
    "values": [
      0.6575064240462176,
      0.6971209229401415,
      0.6936959838850438
    ]
  },
  "confusion_matrix": [
    [
      275.6666666666667,
      15.666666666666666,
      12.0,
      23.666666666666668
    ],
    [
      5.666666666666667,
      47.0,
      2.3333333333333335,
      10.0
    ],
    [
      4.666666666666667,
      8.666666666666666,
      109.66666666666667,
      20.0
    ],
    [
      50.666666666666664,
      44.333333333333336,
      22.666666666666668,
      140.33333333333334
    ]
  ],
  "per_class": {
    "anger": {
      "precision": 0.8033240997229917,
      "recall": 0.8868501529051988,
      "f1": 0.8430232558139535,
      "support": 327
    },
    "happiness": {
      "precision": 0.47126436781609193,
      "recall": 0.6307692307692307,
      "f1": 0.5394736842105263,
      "support": 65
    },
    "neutral": {
      "precision": 0.7261146496815286,
      "recall": 0.7972027972027972,
      "f1": 0.76,
      "support": 143
    },
    "sadness": {
      "precision": 0.75,
      "recall": 0.5465116279069767,
      "f1": 0.6322869955156951,
      "support": 258
    }
  }
}