{
  "WA": {
    "mean": 0.6751576292559899,
    "std": 0.01439126619691005,
    "ci_95": 0.012614501003445612,
    "values": [
      0.6759142496847415,
      0.6595208070617906,
      0.691046658259773,
      0.6582597730138714,
      0.691046658259773
    ]
  },
  "UA": {
    "mean": 0.6386604619333444,
    "std": 0.014790843440491924,
    "ci_95": 0.012964745899978748,
    "values": [
      0.6622125722936476,
      0.6275647739643899,
      0.6489172178365692,
      0.6221617050185431,
      0.6324460405535721
    ]
  },
  "WF1": {
    "mean": 0.6830457926590121,
    "std": 0.011979022109874065,
    "ci_95": 0.010500075834727335,
    "values": [
      0.6874151175103514,
      0.6731801861951761,
      0.6959843513122201,
      0.6650774856622433,
      0.6935718226150691
    ]
  },
  "Macro_F1": {
    "mean": 0.6228266629004413,
    "std": 0.01957148975599888,
    "ci_95": 0.01715516715401887,
    "values": [
      0.6432176394244717,
      0.6044611625393896,
      0.6308485568902236,
      0.5949195020986174,
      0.6406864535495037
    ]
  },
  "confusion_matrix": [
    [
      249.0,
      17.6,
      10.8,
      49.6
    ],
    [
      7.6,
      34.6,
      7.8,
      15.0
    ],
    [
      4.4,
      11.2,
      91.4,
      36.0
    ],
    [
      36.2,
      42.8,
      18.6,
      160.4
    ]
  ],
  "per_class": {
    "anger": {
      "precision": 0.8571428571428571,
      "recall": 0.6972477064220184,
      "f1": 0.7689713322091062,
      "support": 327
    },
    "happiness": {
      "precision": 0.49056603773584906,
      "recall": 0.4,
      "f1": 0.4406779661016949,
      "support": 65
    },
    "neutral": {
      "precision": 0.7230769230769231,
      "recall": 0.6573426573426573,
      "f1": 0.6886446886446886,
      "support": 143
    },
    "sadness": {
      "precision": 0.5813953488372093,
      "recall": 0.7751937984496124,
      "f1": 0.6644518272425249,
      "support": 258
    }
  }
}