{
  "WA": {
    "mean": 0.7015552753257671,
    "std": 0.008756900654056191,
    "ci_95": 0.009909365941776858,
    "values": [
      0.7137452711223203,
      0.6973518284993695,
      0.6935687263556116
    ]
  },
  "UA": {
    "mean": 0.6915865296545901,
    "std": 0.0032406741651232287,
    "ci_95": 0.0036671680391159333,
    "values": [
      0.6960225749643287,
      0.688371471356323,
      0.6903655426431189
    ]
  },
  "WF1": {
    "mean": 0.7134991140070731,
    "std": 0.007436585398051348,
    "ci_95": 0.008415288579576508,
    "values": [
      0.7240143257631934,
      0.7084056570453283,
      0.7080773592126974
    ]
  },
  "Macro_F1": {
    "mean": 0.66198240536363,
    "std": 0.005821171772336233,
    "ci_95": 0.006587275975924456,
    "values": [
      0.6673293178973552,
      0.6647299228074658,
      0.6538879753860687
    ]
  },
  "confusion_matrix": [
    [
      240.33333333333334,
      15.0,
      12.333333333333334,
      59.333333333333336
    ],
    [
      6.0,
      43.0,
      3.6666666666666665,
      12.333333333333334
    ],
    [
      4.333333333333333,
      14.0,
      100.0,
      24.666666666666668
    ],
    [
      18.333333333333332,
      46.333333333333336,
      20.333333333333332,
      173.0
    ]
  ],
  "per_class": {
    "anger": {
      "precision": 0.9173228346456693,
      "recall": 0.7125382262996942,
      "f1": 0.802065404475043,
      "support": 327
    },
    "happiness": {
      "precision": 0.3488372093023256,
      "recall": 0.6923076923076923,
      "f1": 0.4639175257731959,
      "support": 65
    },
    "neutral": {
      "precision": 0.697841726618705,
      "recall": 0.6783216783216783,
      "f1": 0.6879432624113475,
      "support": 143
    },
    "sadness": {
      "precision": 0.6457564575645757,
      "recall": 0.6782945736434108,
      "f1": 0.6616257088846881,
      "support": 258
    }
  }
}