{
  "WA": {
    "mean": 0.49523809523809526,
    "std": 0.0034687207575461103
  },
  "UA": {
    "mean": 0.48822318734744985,
    "std": 0.003521947470093474
  },
  "WF1": {
    "mean": 0.5032460434766549,
    "std": 0.004432505819476971
  },
  "Macro_F1": {
    "mean": 0.49737303831242546,
    "std": 0.004844292630148811
  }
}