{
  "validation": {
    "WA": {
      "mean": 0.9310634720470786,
      "std": 0.002972285755302827,
      "ci_95": 0.003363457962627852,
      "values": [
        0.9331651954602774,
        0.9331651954602774,
        0.926860025220681
      ]
    },
    "UA": {
      "mean": 0.9333472420948419,
      "std": 0.0010610138321855956,
      "ci_95": 0.0012006501783874892,
      "values": [
        0.9329453510006103,
        0.9348001813278111,
        0.9322961939561043
      ]
    },
    "WF1": {
      "mean": 0.9316091277563894,
      "std": 0.0027173151611737693,
      "ci_95": 0.0030749315739623854,
      "values": [
        0.9335328086178748,
        0.9335283099713548,
        0.9277662646799385
      ]
    },
    "Macro_F1": {
      "mean": 0.9118729402589555,
      "std": 0.004206877551617908,
      "ci_95": 0.00476053009827381,
      "values": [
        0.9163782273724257,
        0.9129853404048134,
        0.9062552529996276
      ]
    },
    "confusion_matrix": [
      [
        318.6666666666667,
        1.0,
        1.0,
        6.333333333333333
      ],
      [
        0.3333333333333333,
        62.0,
        2.6666666666666665,
        0.0
      ],
      [
        0.0,
        4.333333333333333,
        134.33333333333334,
        4.333333333333333
      ],
      [
        10.666666666666666,
        14.666666666666666,
        9.333333333333334,
        223.33333333333334
      ]
    ],
    "per_class": {
      "anger": {
        "precision": 0.9723926380368099,
        "recall": 0.9694189602446484,
        "f1": 0.9709035222052067,
        "support": 327
      },
      "happiness": {
        "precision": 0.7325581395348837,
        "recall": 0.9692307692307692,
        "f1": 0.8344370860927153,
        "support": 65
      },
      "neutral": {
        "precision": 0.9047619047619048,
        "recall": 0.9300699300699301,
        "f1": 0.9172413793103448,
        "support": 143
      },
      "sadness": {
        "precision": 0.9487179487179487,
        "recall": 0.8604651162790697,
        "f1": 0.9024390243902439,
        "support": 258
      }
    }
  },
  "test": {
    "WA": {
      "mean": 0.482312925170068,
      "std": 0.00787471898148995,
      "ci_95": 0.00891108340256152,
      "values": [
        0.4714285714285714,
        0.4897959183673469,
        0.4857142857142857
      ]
    },
    "UA": {
      "mean": 0.47382218254268405,
      "std": 0.008951395506271024,
      "ci_95": 0.01012945758613003,
      "values": [
        0.4613823696788299,
        0.48207420959080255,
        0.4780099683584197
      ]
    },
    "WF1": {
      "mean": 0.48484956121934825,
      "std": 0.005587161065970146,
      "ci_95": 0.006322467933069575,
      "values": [
        0.4770536373606463,
        0.4898620775698158,
        0.4876329687275826
      ]
    },
    "Macro_F1": {
      "mean": 0.4778712564636151,
      "std": 0.005910767509023768,
      "ci_95": 0.006688663096406247,
      "values": [
        0.46964217749850906,
        0.48325758734342394,
        0.48071400454891217
      ]
    },
    "confusion_matrix": [
      [
        132.33333333333334,
        1.3333333333333333,
        0.0,
        1.3333333333333333
      ],
      [
        10.333333333333334,
        93.0,
        1.6666666666666667,
        8.0
      ],
      [
        0.3333333333333333,
        1.0,
        6.0,
        104.66666666666667
      ],
      [
        0.0,
        5.666666666666667,
        119.33333333333333,
        5.0
      ]
    ],
    "per_class": {
      "anger": {
        "precision": 0.9424460431654677,
        "recall": 0.9703703703703703,
        "f1": 0.9562043795620438,
        "support": 135
      },
      "happiness": {
        "precision": 0.8962264150943396,
        "recall": 0.8407079646017699,
        "f1": 0.867579908675799,
        "support": 113
      },
      "neutral": {
        "precision": 0.056,
        "recall": 0.0625,
        "f1": 0.05907172995780591,
        "support": 112
      },
      "sadness": {
        "precision": 0.041666666666666664,
        "recall": 0.038461538461538464,
        "f1": 0.04,
        "support": 130
      }
    }
  }
}