{
  "Text-only": {
    "validation": {
      "WA": {
        "mean": 0.6582597730138714,
        "std": 0.005448289784285733,
        "ci_95": 0.006165320284217694,
        "values": [
          0.6557377049180327,
          0.6532156368221942,
          0.6658259773013872
        ]
      },
      "UA": {
        "mean": 0.6609237655642605,
        "std": 0.001932014762800138,
        "ci_95": 0.002186280517026742,
        "values": [
          0.658276724342438,
          0.6628337170261642,
          0.6616608553241794
        ]
      },
      "WF1": {
        "mean": 0.6638273141976513,
        "std": 0.005450018405805605,
        "ci_95": 0.006167276403613352,
        "values": [
          0.6614895116115447,
          0.6586357862412966,
          0.6713566447401126
        ]
      },
      "Macro_F1": {
        "mean": 0.6335568693648542,
        "std": 0.001841908182964205,
        "ci_95": 0.002084315323103638,
        "values": [
          0.6358692939436253,
          0.6334391454275109,
          0.6313621687234265
        ]
      },
      "confusion_matrix": [
        [
          221.33333333333334,
          11.666666666666666,
          27.0,
          67.0
        ],
        [
          4.333333333333333,
          44.0,
          5.666666666666667,
          11.0
        ],
        [
          9.0,
          9.0,
          94.66666666666667,
          30.333333333333332
        ],
        [
          39.333333333333336,
          34.0,
          22.666666666666668,
          162.0
        ]
      ],
      "per_class": {
        "anger": {
          "precision": 0.8,
          "recall": 0.7217125382262997,
          "f1": 0.7588424437299035,
          "support": 327
        },
        "happiness": {
          "precision": 0.41509433962264153,
          "recall": 0.676923076923077,
          "f1": 0.5146198830409356,
          "support": 65
        },
        "neutral": {
          "precision": 0.6133333333333333,
          "recall": 0.6433566433566433,
          "f1": 0.6279863481228669,
          "support": 143
        },
        "sadness": {
          "precision": 0.6446280991735537,
          "recall": 0.6046511627906976,
          "f1": 0.624,
          "support": 258
        }
      }
    },
    "test": {}
  },
  "Audio-only": {
    "validation": {
      "WA": {
        "mean": 0.9365279529213956,
        "std": 0.005283650731389895,
        "ci_95": 0.005979013657260961,
        "values": [
          0.9293820933165196,
          0.9382093316519546,
          0.9419924337957125
        ]
      },
      "UA": {
        "mean": 0.9327133987791124,
        "std": 0.001866261897685937,
        "ci_95": 0.0021118741456543424,
        "values": [
          0.9320622606893141,
          0.9308239250259731,
          0.9352540106220499
        ]
      },
      "WF1": {
        "mean": 0.9370530196468323,
        "std": 0.004626860156517464,
        "ci_95": 0.005235785155461499,
        "values": [
          0.930952207708794,
          0.9380548108071398,
          0.9421520404245627
        ]
      },
      "Macro_F1": {
        "mean": 0.9180133053918365,
        "std": 0.00865194264330278,
        "ci_95": 0.009790594771683163,
        "values": [
          0.9060175248380122,
          0.921923109479706,
          0.9260992818577912
        ]
      },
      "confusion_matrix": [
        [
          321.0,
          1.3333333333333333,
          0.0,
          4.666666666666667
        ],
        [
          0.6666666666666666,
          60.666666666666664,
          2.3333333333333335,
          1.3333333333333333
        ],
        [
          0.3333333333333333,
          3.3333333333333335,
          133.66666666666666,
          5.666666666666667
        ],
        [
          12.333333333333334,
          13.666666666666666,
          4.666666666666667,
          227.33333333333334
        ]
      ],
      "per_class": {
        "anger": {
          "precision": 0.9582089552238806,
          "recall": 0.981651376146789,
          "f1": 0.9697885196374623,
          "support": 327
        },
        "happiness": {
          "precision": 0.8108108108108109,
          "recall": 0.9230769230769231,
          "f1": 0.8633093525179856,
          "support": 65
        },
        "neutral": {
          "precision": 0.9571428571428572,
          "recall": 0.9370629370629371,
          "f1": 0.9469964664310954,
          "support": 143
        },
        "sadness": {
          "precision": 0.9508196721311475,
          "recall": 0.8992248062015504,
          "f1": 0.9243027888446215,
          "support": 258
        }
      }
    },
    "test": {}
  },
  "Simple Fusion": {
    "validation": {
      "WA": {
        "mean": 0.9331651954602774,
        "std": 0.0030888899656786573,
        "ci_95": 0.0034954080482361453,
        "values": [
          0.9331651954602774,
          0.9293820933165196,
          0.9369482976040353
        ]
      },
      "UA": {
        "mean": 0.9339607569018705,
        "std": 0.001418369630982238,
        "ci_95": 0.0016050363329856514,
        "values": [
          0.9321628961323862,
          0.935630032082987,
          0.9340893424902386
        ]
      },
      "WF1": {
        "mean": 0.9334755891485892,
        "std": 0.002969427362410087,
        "ci_95": 0.0033602233865719484,
        "values": [
          0.9327002319332495,
          0.9302890036106748,
          0.9374375319018435
        ]
      },
      "Macro_F1": {
        "mean": 0.9184144979667542,
        "std": 0.001817598353226125,
        "ci_95": 0.0020568061610868986,
        "values": [
          0.9181777084991147,
          0.9163162637912868,
          0.9207495216098608
        ]
      },
      "confusion_matrix": [
        [
          316.3333333333333,
          1.3333333333333333,
          1.0,
          8.333333333333334
        ],
        [
          0.3333333333333333,
          61.666666666666664,
          2.0,
          1.0
        ],
        [
          0.3333333333333333,
          3.3333333333333335,
          133.66666666666666,
          5.666666666666667
        ],
        [
          12.0,
          11.666666666666666,
          6.0,
          228.33333333333334
        ]
      ],
      "per_class": {
        "anger": {
          "precision": 0.9607250755287009,
          "recall": 0.9724770642201835,
          "f1": 0.9665653495440729,
          "support": 327
        },
        "happiness": {
          "precision": 0.782051282051282,
          "recall": 0.9384615384615385,
          "f1": 0.8531468531468531,
          "support": 65
        },
        "neutral": {
          "precision": 0.9637681159420289,
          "recall": 0.9300699300699301,
          "f1": 0.9466192170818505,
          "support": 143
        },
        "sadness": {
          "precision": 0.9390243902439024,
          "recall": 0.8953488372093024,
          "f1": 0.9166666666666666,
          "support": 258
        }
      }
    },
    "test": {}
  },
  "Full Model": {
    "validation": {
      "WA": {
        "mean": 0.9310634720470786,
        "std": 0.002972285755302827,
        "ci_95": 0.003363457962627852,
        "values": [
          0.9331651954602774,
          0.9331651954602774,
          0.926860025220681
        ]
      },
      "UA": {
        "mean": 0.9333472420948419,
        "std": 0.0010610138321855956,
        "ci_95": 0.0012006501783874892,
        "values": [
          0.9329453510006103,
          0.9348001813278111,
          0.9322961939561043
        ]
      },
      "WF1": {
        "mean": 0.9316091277563894,
        "std": 0.0027173151611737693,
        "ci_95": 0.0030749315739623854,
        "values": [
          0.9335328086178748,
          0.9335283099713548,
          0.9277662646799385
        ]
      },
      "Macro_F1": {
        "mean": 0.9118729402589555,
        "std": 0.004206877551617908,
        "ci_95": 0.00476053009827381,