{
  "validation": {
    "WA": {
      "mean": 0.6655505952380952,
      "std": 0.0045866175617328775,
      "ci_95": 0.00519024637251523,
      "values": [
        0.6595982142857143,
        0.6707589285714286,
        0.6662946428571429
      ]
    },
    "UA": {
      "mean": 0.628568837142982,
      "std": 0.0004630036030110856,
      "ci_95": 0.0005239378994750651,
      "values": [
        0.6284904388167395,
        0.6280450542624875,
        0.6291710183497188
      ]
    },
    "WF1": {
      "mean": 0.671087306543162,
      "std": 0.00413645726414768,
      "ci_95": 0.0046808420412962105,
      "values": [
        0.6660346895483,
        0.6761667923110942,
        0.6710604377700914
      ]
    },
    "Macro_F1": {
      "mean": 0.6132278621130244,
      "std": 0.0024318842810000054,
      "ci_95": 0.0027519361267758103,
      "values": [
        0.6098052258568983,
        0.6146471827617301,
        0.6152311777204447
      ]
    },
    "confusion_matrix": [
      [
        94.66666666666667,
        17.666666666666668,
        29.0,
        11.666666666666666
      ],
      [
        26.333333333333332,
        98.66666666666667,
        25.666666666666668,
        12.333333333333334
      ],
      [
        38.0,
        45.333333333333336,
        340.3333333333333,
        45.333333333333336
      ],
      [
        13.333333333333334,
        9.333333333333334,
        25.666666666666668,
        62.666666666666664
      ]
    ],
    "per_class": {
      "anger": {
        "precision": 0.5588235294117647,
        "recall": 0.6209150326797386,
        "f1": 0.5882352941176471,
        "support": 153
      },
      "happiness": {
        "precision": 0.541871921182266,
        "recall": 0.6748466257668712,
        "f1": 0.6010928961748634,
        "support": 163
      },
      "neutral": {
        "precision": 0.8096385542168675,
        "recall": 0.7164179104477612,
        "f1": 0.7601809954751131,
        "support": 469
      },
      "sadness": {
        "precision": 0.5185185185185185,
        "recall": 0.5045045045045045,
        "f1": 0.5114155251141552,
        "support": 111
      }
    }
  },
  "test": {
    "WA": {
      "mean": 0.6352941176470588,
      "std": 0.002247309868137449,
      "ci_95": 0.002543070516350451,
      "values": [
        0.6321266968325792,
        0.63710407239819,
        0.6366515837104072
      ]
    },
    "UA": {
      "mean": 0.5807474254567954,
      "std": 0.004737636187340822,
      "ci_95": 0.005361140035044122,
      "values": [
        0.5759615634184072,
        0.5872010754243455,
        0.5790796375276333
      ]
    },
    "WF1": {
      "mean": 0.6500845470966089,
      "std": 0.0024829484992253885,
      "ci_95": 0.0028097207294470405,
      "values": [
        0.6487066364851831,
        0.6535705672272585,
        0.6479764375773849
      ]
    },
    "Macro_F1": {
      "mean": 0.5552508325072958,
      "std": 0.003329654023048721,
      "ci_95": 0.003767858227170379,
      "values": [
        0.5516818525511159,
        0.5596955255648698,
        0.5543751194059017
      ]
    },
    "confusion_matrix": [
      [
        198.66666666666666,
        46.666666666666664,
        59.333333333333336,
        40.333333333333336
      ],
      [
        56.0,
        234.66666666666666,
        72.33333333333333,
        38.0
      ],
      [
        108.33333333333333,
        110.0,
        873.6666666666666,
        164.0
      ],
      [
        33.0,
        21.333333333333332,
        56.666666666666664,
        97.0
      ]
    ],
    "per_class": {
      "anger": {
        "precision": 0.49379652605459057,
        "recall": 0.5768115942028985,
        "f1": 0.5320855614973262,
        "support": 345
      },
      "happiness": {
        "precision": 0.5229540918163673,
        "recall": 0.6533665835411472,
        "f1": 0.5809312638580931,
        "support": 401
      },
      "neutral": {
        "precision": 0.8250478011472275,
        "recall": 0.6871019108280255,
        "f1": 0.7497827975673328,
        "support": 1256
      },
      "sadness": {
        "precision": 0.3192307692307692,
        "recall": 0.39903846153846156,
        "f1": 0.3547008547008547,
        "support": 208
      }
    }
  }
}