{
  "validation": {
    "WA": {
      "mean": 0.9258503401360544,
      "std": 0.003468720757546103
    },
    "UA": {
      "mean": 0.9261435415162359,
      "std": 0.0037259598564352526
    },
    "WF1": {
      "mean": 0.925933742968596,
      "std": 0.003578677710824501
    },
    "Macro_F1": {
      "mean": 0.9247376898880537,
      "std": 0.003474196490814726
    }
  },
  "test": {
    "WA": {
      "mean": 0.9319727891156462,
      "std": 0.005851921950369157
    },
    "UA": {
      "mean": 0.9314304826196419,
      "std": 0.005904912787894957
    },
    "WF1": {
      "mean": 0.9321475644192746,
      "std": 0.005941647296559294
    },
    "Macro_F1": {
      "mean": 0.9304437975433304,
      "std": 0.005868635220282545
    }
  },
  "config": {
    "vad_lambda": 0.1,
    "micl_weight": 0.2
  }
}