{
  "WA": {
    "mean": 0.4884353741496599,
    "std": 0.00535646794150463
  },
  "UA": {
    "mean": 0.4795610871293025,
    "std": 0.005850486508873402
  },
  "WF1": {
    "mean": 0.4963740781352591,
    "std": 0.003519905722608499
  },
  "Macro_F1": {
    "mean": 0.4892575283355228,
    "std": 0.0038965063732187264
  }
}