{
  "validation": {
    "WA": {
      "mean": 0.930390920554855,
      "std": 0.002169565010603418,
      "ci_95": 0.0019017075793632031
    },
    "UA": {
      "mean": 0.930221733674902,
      "std": 0.001706335713830825,
      "ci_95": 0.0014956691982360502
    },
    "WF1": {
      "mean": 0.9312352031850384,
      "std": 0.001896165676220222,
      "ci_95": 0.001662062496663067
    },
    "Macro_F1": {
      "mean": 0.9124923166130205,
      "std": 0.004269251164561835,
      "ci_95": 0.003742163640256318
    }
  },
  "test": {
    "WA": {
      "mean": 0.9089171974522292,
      "std": 0.0034496978363634644,
      "ci_95": 0.0030237934746655194
    },
    "UA": {
      "mean": 0.8991337177353458,
      "std": 0.0030868428281950245,
      "ci_95": 0.0027057370366830973
    },
    "WF1": {
      "mean": 0.9087546321288279,
      "std": 0.003379743819461518,
      "ci_95": 0.002962476075325486
    },
    "Macro_F1": {
      "mean": 0.9047713153617394,
      "std": 0.004439960680542,
      "ci_95": 0.0038917971284543103
    }
  },
  "config": {
    "vad_lambda": 0.1,
    "micl_weight": 0.2,
    "hidden_dim": 384,
    "num_layers": 2
  }
}