{
  "validation": {
    "WA": {
      "mean": 0.9335855401429173,
      "std": 0.0025911786477380984,
      "ci_95": 0.0029321946719884032
    },
    "UA": {
      "mean": 0.9324289239906906,
      "std": 0.001215731671677702,
      "ci_95": 0.0013757298954947311
    },
    "WF1": {
      "mean": 0.9340086053267199,
      "std": 0.002596389092010832,
      "ci_95": 0.0029380908447391853
    },
    "Macro_F1": {
      "mean": 0.9211276530182161,
      "std": 0.004154267561666876,
      "ci_95": 0.004700996290227638
    }
  },
  "test": {
    "WA": {
      "mean": 0.913305024769993,
      "std": 0.005224636610132129,
      "ci_95": 0.005912232892424408
    },
    "UA": {
      "mean": 0.8985267446139296,
      "std": 0.008971804751926068,
      "ci_95": 0.010152552821736906
    },
    "WF1": {
      "mean": 0.9129485813925543,
      "std": 0.0054444839924598625,
      "ci_95": 0.006161013625344808
    },
    "Macro_F1": {
      "mean": 0.9107149096265058,
      "std": 0.006889663787829496,
      "ci_95": 0.007796388515357577
    }
  },
  "config": {
    "vad_lambda": 0.0,
    "micl_weight": 0.0,
    "hidden_dim": 384,
    "num_layers": 2
  }
}