{
  "WA": {
    "mean": 0.7562000840689365,
    "std": 0.0031455715735804464,
    "ci_95": 0.003559549325733335,
    "values": [
      0.7528373266078184,
      0.755359394703657,
      0.7604035308953342
    ]
  },
  "UA": {
    "mean": 0.7186089199423954,
    "std": 0.001983288923532782,
    "ci_95": 0.0022443026920096116,
    "values": [
      0.7213197566248558,
      0.7178769402846638,
      0.7166300629176668
    ]
  },
  "WF1": {
    "mean": 0.7570443449097287,
    "std": 0.0027378820604460593,
    "ci_95": 0.0030982052114316397,
    "values": [
      0.7535743945561958,
      0.7572915093883948,
      0.7602671307845953
    ]
  },
  "Macro_F1": {
    "mean": 0.7133264848308368,
    "std": 0.0031132529066911826,
    "ci_95": 0.003522977311317737,
    "values": [
      0.7108729806708609,
      0.7113872057211069,
      0.7177192681005429
    ]
  },
  "confusion_matrix": [
    [
      273.6666666666667,
      7.0,
      12.666666666666666,
      33.666666666666664
    ],
    [
      8.333333333333334,
      38.0,
      4.0,
      14.666666666666666
    ],
    [
      1.6666666666666667,
      4.0,
      108.0,
      29.333333333333332
    ],
    [
      36.0,
      21.666666666666668,
      20.333333333333332,
      180.0
    ]
  ],
  "per_class": {
    "anger": {
      "precision": 0.8372093023255814,
      "recall": 0.8807339449541285,
      "f1": 0.8584202682563339,
      "support": 327
    },
    "happiness": {
      "precision": 0.5394736842105263,
      "recall": 0.6307692307692307,
      "f1": 0.5815602836879432,
      "support": 65
    },
    "neutral": {
      "precision": 0.8392857142857143,
      "recall": 0.6573426573426573,
      "f1": 0.7372549019607844,
      "support": 143
    },
    "sadness": {
      "precision": 0.6896551724137931,
      "recall": 0.6976744186046512,
      "f1": 0.6936416184971098,
      "support": 258
    }
  }
}