{
  "validation": {
    "WA": {
      "mean": 0.9210884353741496,
      "std": 0.0038482001697227016
    },
    "UA": {
      "mean": 0.9216689463806113,
      "std": 0.004041559191973205
    },
    "WF1": {
      "mean": 0.9211668974267749,
      "std": 0.003969581366275645
    },
    "Macro_F1": {
      "mean": 0.9201868591713476,
      "std": 0.0037814838404788744
    }
  },
  "test": {
    "WA": {
      "mean": 0.9333333333333332,
      "std": 0.00481025021215339
    },
    "UA": {
      "mean": 0.9323070304818093,
      "std": 0.005166434199412893
    },
    "WF1": {
      "mean": 0.9334311360392448,
      "std": 0.004901829635269872
    },
    "Macro_F1": {
      "mean": 0.931584993464767,
      "std": 0.004953728802030667
    }
  }
}