{
  "validation": {
    "WA": {
      "mean": 0.9285714285714285,
      "std": 0.0016663195529137012
    },
    "UA": {
      "mean": 0.9288912627393096,
      "std": 0.001659390898980112
    },
    "WF1": {
      "mean": 0.9287107530989992,
      "std": 0.0016608372539396404
    },
    "Macro_F1": {
      "mean": 0.9274679854863933,
      "std": 0.0014873192724321267
    }
  },
  "test": {
    "WA": {
      "mean": 0.9326530612244898,
      "std": 0.0016663195529137466
    },
    "UA": {
      "mean": 0.93238456240853,
      "std": 0.0014177689230252415
    },
    "WF1": {
      "mean": 0.9328641912983114,
      "std": 0.0016334796784403085
    },
    "Macro_F1": {
      "mean": 0.9312824932543627,
      "std": 0.0016797029265540663
    }
  },
  "config": {
    "vad_lambda": 0.3,
    "micl_weight": 0.3
  }
}