{
  "10%": {
    "n_samples": 390,
    "results": [],
    "WA": {
      "mean": 0.7346938775510204,
      "std": 0.06656941400122489
    },
    "UA": {
      "mean": 0.7453493525211815,
      "std": 0.06309305754083887
    },
    "WF1": {
      "mean": 0.6826501545718965,
      "std": 0.09974682046083293
    },
    "Macro_F1": {
      "mean": 0.6861388213271113,
      "std": 0.09641480335802491
    }
  },
  "20%": {
    "n_samples": 782,
    "results": [],
    "WA": {
      "mean": 0.9068027210884354,
      "std": 0.020018964584438283
    },
    "UA": {
      "mean": 0.9079357350559416,
      "std": 0.017849927326695235
    },
    "WF1": {
      "mean": 0.9067289808537655,
      "std": 0.02037104534514509
    },
    "Macro_F1": {
      "mean": 0.9049977375208108,
      "std": 0.020185082715221816
    }
  },
  "50%": {
    "n_samples": 1959,
    "results": [],
    "WA": {
      "mean": 0.9367346938775509,
      "std": 0.005772300254584078
    },
    "UA": {
      "mean": 0.9358979086302095,
      "std": 0.005541764826492904
    },
    "WF1": {
      "mean": 0.9369198867177028,
      "std": 0.0056161189514833
    },
    "Macro_F1": {
      "mean": 0.93514816353763,
      "std": 0.005744606978241984
    }
  },
  "100%": {
    "n_samples": 3920,
    "results": [],
    "WA": {
      "mean": 0.9340136054421769,
      "std": 0.0009620500424306884
    },
    "UA": {
      "mean": 0.9334605697345372,
      "std": 0.0008645418289366419
    },
    "WF1": {
      "mean": 0.9342684215529479,
      "std": 0.0008991822234308665
    },
    "Macro_F1": {
      "mean": 0.9324880307252291,
      "std": 0.0009550700944530343
    }
  }
}