{
  "IEMOCAP": {
    "WA": {
      "mean": 0.9072894550601557,
      "std": 0.010975274182074182
    },
    "UA": {
      "mean": 0.9022386125196,
      "std": 0.004131712536855773
    },
    "WF1": {
      "mean": 0.9068784166346502,
      "std": 0.011054484617437117
    },
    "Macro_F1": {
      "mean": 0.905093936207944,
      "std": 0.009972416932017307
    }
  },
  "CREMAD": {
    "WA": {
      "mean": 0.9333333333333332,
      "std": 0.008386957827168686
    },
    "UA": {
      "mean": 0.9326650505208764,
      "std": 0.007639612243757311
    },
    "WF1": {
      "mean": 0.9335343241452811,
      "std": 0.00808965240910454
    },
    "Macro_F1": {
      "mean": 0.9316937706154582,
      "std": 0.00829325032401471
    }
  }
}