{
  "WA": {
    "mean": 0.7028163093736864,
    "std": 0.02827892087693006,
    "ci_95": 0.032000611458147886,
    "values": [
      0.6809583858764187,
      0.742749054224464,
      0.6847414880201765
    ]
  },
  "UA": {
    "mean": 0.6496095434328846,
    "std": 0.02535216115683682,
    "ci_95": 0.028688671054139483,
    "values": [
      0.6397808648928769,
      0.6843843234498237,
      0.6246634419559531
    ]
  },
  "WF1": {
    "mean": 0.7062380486630557,
    "std": 0.025391786558413534,
    "ci_95": 0.02873351141722293,
    "values": [
      0.6887926188325615,
      0.7421426871758708,
      0.687778839980735
    ]
  },
  "Macro_F1": {
    "mean": 0.6370380867833447,
    "std": 0.03316243286699721,
    "ci_95": 0.037526825503777714,
    "values": [
      0.6152950386292035,
      0.6838964184878247,
      0.611922803233006
    ]
  },
  "confusion_matrix": [
    [
      295.0,
      8.666666666666666,
      3.6666666666666665,
      19.666666666666668
    ],
    [
      17.0,
      30.333333333333332,
      2.0,
      15.666666666666666
    ],
    [
      9.0,
      17.666666666666668,
      106.0,
      10.333333333333334
    ],
    [
      53.333333333333336,
      65.0,
      13.666666666666666,
      126.0
    ]
  ],
  "per_class": {
    "anger": {
      "precision": 0.7659033078880407,
      "recall": 0.9204892966360856,
      "f1": 0.8361111111111111,
      "support": 327
    },
    "happiness": {
      "precision": 0.21052631578947367,
      "recall": 0.4307692307692308,
      "f1": 0.2828282828282828,
      "support": 65
    },
    "neutral": {
      "precision": 0.85,
      "recall": 0.7132867132867133,
      "f1": 0.7756653992395437,
      "support": 143
    },
    "sadness": {
      "precision": 0.7619047619047619,
      "recall": 0.43410852713178294,
      "f1": 0.5530864197530864,
      "support": 258
    }
  }
}