{
  "WA": {
    "mean": 0.7112232030264817,
    "std": 0.040562717383152,
    "ci_95": 0.04590103576844202,
    "values": [
      0.7263556116015133,
      0.7515762925598991,
      0.6557377049180327
    ]
  },
  "UA": {
    "mean": 0.6956400798783987,
    "std": 0.024495569378034095,
    "ci_95": 0.02771934620574783,
    "values": [
      0.7056081195669418,
      0.7193880633980911,
      0.661924056670163
    ]
  },
  "WF1": {
    "mean": 0.7167565860163295,
    "std": 0.03127670888380892,
    "ci_95": 0.03539292793512798,
    "values": [
      0.7206161262283106,
      0.7529866998189396,
      0.6766669320017384
    ]
  },
  "Macro_F1": {
    "mean": 0.669527155025501,
    "std": 0.04346688747481398,
    "ci_95": 0.04918741360146129,
    "values": [
      0.6832845247523189,
      0.7145339839763729,
      0.6107629563478111
    ]
  },
  "confusion_matrix": [
    [
      274.3333333333333,
      15.666666666666666,
      7.0,
      30.0
    ],
    [
      7.0,
      44.333333333333336,
      3.0,
      10.666666666666666
    ],
    [
      6.333333333333333,
      17.666666666666668,
      99.66666666666667,
      19.333333333333332
    ],
    [
      46.333333333333336,
      43.333333333333336,
      22.666666666666668,
      145.66666666666666
    ]
  ],
  "per_class": {
    "anger": {
      "precision": 0.8446601941747572,
      "recall": 0.7981651376146789,
      "f1": 0.8207547169811321,
      "support": 327
    },
    "happiness": {
      "precision": 0.255,
      "recall": 0.7846153846153846,
      "f1": 0.3849056603773585,
      "support": 65
    },
    "neutral": {
      "precision": 0.7685185185185185,
      "recall": 0.5804195804195804,
      "f1": 0.6613545816733067,
      "support": 143
    },
    "sadness": {
      "precision": 0.7102272727272727,
      "recall": 0.4844961240310077,
      "f1": 0.576036866359447,
      "support": 258
    }
  }
}