{
  "validation": {
    "WA": {
      "mean": 0.9258503401360545,
      "std": 0.004193478913584298
    },
    "UA": {
      "mean": 0.9263250645502499,
      "std": 0.004415226334917901
    },
    "WF1": {
      "mean": 0.9260166175534866,
      "std": 0.004278251496851281
    },
    "Macro_F1": {
      "mean": 0.924662106473637,
      "std": 0.004162355129689485
    }
  },
  "test": {
    "WA": {
      "mean": 0.935374149659864,
      "std": 0.002545345161070739
    },
    "UA": {
      "mean": 0.9352379774300865,
      "std": 0.002691415519801207
    },
    "WF1": {
      "mean": 0.9355609406347991,
      "std": 0.0026080088674996687
    },
    "Macro_F1": {
      "mean": 0.9341062810330817,
      "std": 0.0025522110532764245
    }
  },
  "config": {
    "vad_lambda": 0.5,
    "micl_weight": 0.5
  }
}