{
  "WA": {
    "mean": 0.9310634720470786,
    "std": 0.002972285755302827,
    "ci_95": 0.003363457962627852,
    "values": [
      0.9331651954602774,
      0.9331651954602774,
      0.926860025220681
    ]
  },
  "UA": {
    "mean": 0.9333472420948419,
    "std": 0.0010610138321855956,
    "ci_95": 0.0012006501783874892,
    "values": [
      0.9329453510006103,
      0.9348001813278111,
      0.9322961939561043
    ]
  },
  "WF1": {
    "mean": 0.9316091277563894,
    "std": 0.0027173151611737693,
    "ci_95": 0.0030749315739623854,
    "values": [
      0.9335328086178748,
      0.9335283099713548,
      0.9277662646799385
    ]
  },
  "Macro_F1": {
    "mean": 0.9118729402589555,
    "std": 0.004206877551617908,
    "ci_95": 0.00476053009827381,
    "values": [
      0.9163782273724257,
      0.9129853404048134,
      0.9062552529996276
    ]
  },
  "confusion_matrix": [
    [
      318.6666666666667,
      1.0,
      1.0,
      6.333333333333333
    ],
    [
      0.3333333333333333,
      62.0,
      2.6666666666666665,
      0.0
    ],
    [
      0.0,
      4.333333333333333,
      134.33333333333334,
      4.333333333333333
    ],
    [
      10.666666666666666,
      14.666666666666666,
      9.333333333333334,
      223.33333333333334
    ]
  ],
  "per_class": {
    "anger": {
      "precision": 0.9723926380368099,
      "recall": 0.9694189602446484,
      "f1": 0.9709035222052067,
      "support": 327
    },
    "happiness": {
      "precision": 0.7325581395348837,
      "recall": 0.9692307692307692,
      "f1": 0.8344370860927153,
      "support": 65
    },
    "neutral": {
      "precision": 0.9047619047619048,
      "recall": 0.9300699300699301,
      "f1": 0.9172413793103448,
      "support": 143
    },
    "sadness": {
      "precision": 0.9487179487179487,
      "recall": 0.8604651162790697,
      "f1": 0.9024390243902439,
      "support": 258
    }
  }
}