{
  "validation": {
    "WA": {
      "mean": 0.930222782681799,
      "std": 0.0025911786477380984,
      "ci_95": 0.0029321946719884032
    },
    "UA": {
      "mean": 0.9292820376882677,
      "std": 0.0016118947517565273,
      "ci_95": 0.001824030622910673
    },
    "WF1": {
      "mean": 0.9311357319817984,
      "std": 0.0023450895278166396,
      "ci_95": 0.0026537186175110703
    },
    "Macro_F1": {
      "mean": 0.9113303419591715,
      "std": 0.003174232929744331,
      "ci_95": 0.0035919827034585896
    }
  },
  "test": {
    "WA": {
      "mean": 0.910474168435952,
      "std": 0.0026480236282901207,
      "ci_95": 0.00299652082304303
    },
    "UA": {
      "mean": 0.9009411668222067,
      "std": 0.002663584007614527,
      "ci_95": 0.003014129049858642
    },
    "WF1": {
      "mean": 0.9103230261642518,
      "std": 0.0027336498398201434,
      "ci_95": 0.003093416002945061
    },
    "Macro_F1": {
      "mean": 0.9066656418960722,
      "std": 0.003395667371110245,
      "ci_95": 0.003842559362746301
    }
  },
  "config": {
    "vad_lambda": 0.0,
    "micl_weight": 0.2,
    "hidden_dim": 384,
    "num_layers": 2
  }
}