{
  "validation": {
    "WA": {
      "mean": 0.9299319727891157,
      "std": 0.0009620500424306361,
      "ci_95": 0.0010886621079035886,
      "values": [
        0.9285714285714286,
        0.9306122448979591,
        0.9306122448979591
      ]
    },
    "UA": {
      "mean": 0.9304906627431498,
      "std": 0.0008897274883861085,
      "ci_95": 0.0010068214336532537,
      "values": [
        0.9292326398803645,
        0.9311410368269293,
        0.9310983115221555
      ]
    },
    "WF1": {
      "mean": 0.9301293612188659,
      "std": 0.0009803478774402126,
      "ci_95": 0.0011093680574415865,
      "values": [
        0.9287430506729544,
        0.9308376902824912,
        0.930807342701152
      ]
    },
    "Macro_F1": {
      "mean": 0.9289857004494042,
      "std": 0.0008669915354470288,
      "ci_95": 0.0009810932808959195,
      "values": [
        0.9277623754563714,
        0.9295258195683722,
        0.9296689063234692
      ]
    },
    "confusion_matrix": [
      [
        118.0,
        4.0,
        1.0,
        1.0
      ],
      [
        3.6666666666666665,
        124.33333333333333,
        2.0,
        1.0
      ],
      [
        0.0,
        4.0,
        94.0,
        3.0
      ],
      [
        0.0,
        4.333333333333333,
        10.333333333333334,
        119.33333333333333
      ]
    ],
    "per_class": {
      "anger": {
        "precision": 0.9672131147540983,
        "recall": 0.9516129032258065,
        "f1": 0.959349593495935,
        "support": 124
      },
      "happiness": {
        "precision": 0.9117647058823529,
        "recall": 0.9465648854961832,
        "f1": 0.9288389513108615,
        "support": 131
      },
      "neutral": {
        "precision": 0.8785046728971962,
        "recall": 0.9306930693069307,
        "f1": 0.9038461538461539,
        "support": 101
      },
      "sadness": {
        "precision": 0.96,
        "recall": 0.8955223880597015,
        "f1": 0.9266409266409267,
        "support": 134
      }
    }
  },
  "test": {
    "WA": {
      "mean": 0.9333333333333332,
      "std": 0.0025453451610707393,
      "ci_95": 0.0028803291992924177,
      "values": [
        0.9326530612244898,
        0.9306122448979591,
        0.936734693877551
      ]
    },
    "UA": {
      "mean": 0.9335684278438703,
      "std": 0.002630843128606335,
      "ci_95": 0.002977079257453228,
      "values": [
        0.9329274022028446,
        0.9307150128223136,
        0.9370628685064525
      ]
    },
    "WF1": {
      "mean": 0.9337516681321004,
      "std": 0.0025293741525551556,
      "ci_95": 0.0028622563018036416,
      "values": [
        0.933124155484221,
        0.9310156258867927,
        0.9371152230252878
      ]
    },
    "Macro_F1": {
      "mean": 0.93202811452952,
      "std": 0.0026293651465160795,
      "ci_95": 0.0029754067632722014,
      "values": [
        0.931348462321167,
        0.9292018868964185,
        0.9355339943709742
      ]
    },
    "confusion_matrix": [
      [
        128.0,
        5.0,
        2.0,
        0.0
      ],
      [
        2.0,
        102.0,
        6.666666666666667,
        2.3333333333333335
      ],
      [
        0.0,
        1.0,
        109.0,
        2.0
      ],
      [
        0.0,
        3.0,
        8.666666666666666,
        118.33333333333333
      ]
    ],
    "per_class": {
      "anger": {
        "precision": 0.9846153846153847,
        "recall": 0.9481481481481482,
        "f1": 0.9660377358490566,
        "support": 135
      },
      "happiness": {
        "precision": 0.9196428571428571,
        "recall": 0.911504424778761,
        "f1": 0.9155555555555556,
        "support": 113
      },
      "neutral": {
        "precision": 0.872,
        "recall": 0.9732142857142857,
        "f1": 0.919831223628692,
        "support": 112
      },
      "sadness": {
        "precision": 0.967479674796748,
        "recall": 0.9153846153846154,
        "f1": 0.9407114624505929,
        "support": 130
      }
    }
  }
}