{
  "validation": {
    "WA": {
      "mean": 0.6371252204585538,
      "std": 0.02268903056484764,
      "ci_95": 0.025675055092362203,
      "values": [
        0.6362433862433863,
        0.6097883597883598,
        0.6653439153439153
      ]
    },
    "UA": {
      "mean": 0.6865528703823612,
      "std": 0.003485416429371071,
      "ci_95": 0.003944119982921251,
      "values": [
        0.6908935019817436,
        0.6823598387059273,
        0.6864052704594127
      ]
    },
    "WF1": {
      "mean": 0.6254373733838374,
      "std": 0.03332990134859687,
      "ci_95": 0.037716333930725106,
      "values": [
        0.6277104003345452,
        0.5835277254052127,
        0.6650739944117544
      ]
    },
    "Macro_F1": {
      "mean": 0.6188269965108816,
      "std": 0.024842789920240624,
      "ci_95": 0.028112263237829605,
      "values": [
        0.6127819106506373,
        0.5918772352379812,
        0.6518218436440262
      ]
    },
    "confusion_matrix": [
      [
        47.333333333333336,
        3.0,
        1.3333333333333333,
        0.0,
        12.333333333333334,
        1.0
      ],
      [
        2.0,
        122.33333333333333,
        6.333333333333333,
        0.0,
        0.0,
        12.333333333333334
      ],
      [
        4.666666666666667,
        2.6666666666666665,
        207.0,
        6.333333333333333,
        8.333333333333334,
        29.0
      ],
      [
        1.6666666666666667,
        0.0,
        6.0,
        284.6666666666667,
        1.6666666666666667,
        33.0
      ],
      [
        105.0,
        1.0,
        6.666666666666667,
        7.0,
        110.66666666666667,
        7.666666666666667
      ],
      [
        12.0,
        40.0,
        122.33333333333333,
        94.66666666666667,
        20.666666666666668,
        191.33333333333334
      ]
    ],
    "per_class": {
      "happiness": {
        "precision": 0.325,
        "recall": 0.6,
        "f1": 0.42162162162162165,
        "support": 65
      },
      "sadness": {
        "precision": 0.7777777777777778,
        "recall": 0.7832167832167832,
        "f1": 0.7804878048780488,
        "support": 143
      },
      "neutral": {
        "precision": 0.5626740947075209,
        "recall": 0.7829457364341085,
        "f1": 0.6547811993517018,
        "support": 258
      },
      "anger": {
        "precision": 0.8140243902439024,
        "recall": 0.8165137614678899,
        "f1": 0.815267175572519,
        "support": 327
      },
      "excitement": {
        "precision": 0.6977777777777778,
        "recall": 0.6596638655462185,
        "f1": 0.6781857451403888,
        "support": 238
      },
      "frustration": {
        "precision": 0.6815476190476191,
        "recall": 0.4760914760914761,
        "f1": 0.5605875152998776,
        "support": 481
      }
    }
  },
  "test": {
    "WA": {
      "mean": 0.6465269214960953,
      "std": 0.009313825888717353,
      "ci_95": 0.010539586172711089,
      "values": [
        0.6467324290998767,
        0.6350184956843403,
        0.657829839704069
      ]
    },
    "UA": {
      "mean": 0.6512160662006327,
      "std": 0.009947277521449067,
      "ci_95": 0.011256404175236564,
      "values": [
        0.65426729822235,
        0.6615833044516963,
        0.6377975959278517
      ]
    },
    "WF1": {
      "mean": 0.6372900648282322,
      "std": 0.01510074146099712,
      "ci_95": 0.017088097609040474,
      "values": [
        0.639911061754585,
        0.6176248293649828,
        0.654334303365129
      ]
    },
    "Macro_F1": {
      "mean": 0.628487964378322,
      "std": 0.009407849792637318,
      "ci_95": 0.010645984236138453,
      "values": [
        0.630088372769372,
        0.6162492079878017,
        0.6391263123777923
      ]
    },
    "confusion_matrix": [
      [
        73.33333333333333,
        3.3333333333333335,
        15.666666666666666,
        0.0,
        43.666666666666664,
        7.0
      ],
      [
        2.0,
        206.66666666666666,
        8.333333333333334,
        0.3333333333333333,
        1.0,
        26.666666666666668
      ],
      [
        4.0,
        14.666666666666666,
        322.0,
        2.3333333333333335,
        4.333333333333333,
        36.666666666666664
      ],
      [
        1.3333333333333333,
        0.6666666666666666,
        8.0,
        133.0,
        1.3333333333333333,
        25.666666666666668
      ],
      [
        110.33333333333333,
        2.0,
        23.333333333333332,
        4.666666666666667,
        148.33333333333334,
        10.333333333333334
      ],
      [
        15.333333333333334,
        26.666666666666668,
        78.66666666666667,
        70.33333333333333,
        24.666666666666668,
        165.33333333333334
      ]
    ],
    "per_class": {
      "happiness": {
        "precision": 0.38636363636363635,
        "recall": 0.35664335664335667,
        "f1": 0.3709090909090909,
        "support": 143
      },
      "sadness": {
        "precision": 0.8348214285714286,
        "recall": 0.763265306122449,
        "f1": 0.7974413646055437,
        "support": 245
      },
      "neutral": {
        "precision": 0.6827133479212254,
        "recall": 0.8125,
        "f1": 0.7419738406658739,
        "support": 384
      },
      "anger": {
        "precision": 0.7289156626506024,
        "recall": 0.711764705882353,
        "f1": 0.7202380952380952,
        "support": 170
      },
      "excitement": {
        "precision": 0.6337579617834395,
        "recall": 0.6655518394648829,
        "f1": 0.6492659053833605,
        "support": 299
      },
      "frustration": {
        "precision": 0.5987841945288754,
        "recall": 0.5170603674540682,
        "f1": 0.5549295774647888,
        "support": 381
      }
    }
  }
}