{
  "validation": {
    "WA": {
      "mean": 0.932156368221942,
      "std": 0.003326836307256707,
      "ci_95": 0.0029161005961518263,
      "values": [
        0.9331651954602774,
        0.9331651954602774,
        0.926860025220681,
        0.9369482976040353,
        0.9306431273644389
      ]
    },
    "UA": {
      "mean": 0.9338484788804824,
      "std": 0.0021241501074713144,
      "ci_95": 0.0018618996616099823,
      "values": [
        0.9329453510006103,
        0.9348001813278111,
        0.9322961939561043,
        0.937541297334342,
        0.9316593707835441
      ]
    },
    "WF1": {
      "mean": 0.9327527622778385,
      "std": 0.003233782530638921,
      "ci_95": 0.00283453536468029,
      "values": [
        0.9335328086178748,
        0.9335283099713548,
        0.9277662646799385,
        0.9376561673871499,
        0.9312802607328744
      ]
    },
    "Macro_F1": {
      "mean": 0.9143692695375322,
      "std": 0.004493245826474938,
      "ci_95": 0.003938503618185152,
      "values": [
        0.9163782273724257,
        0.9129853404048134,
        0.9062552529996276,
        0.9188605516046274,
        0.9173669753061666
      ]
    },
    "confusion_matrix": [
      [
        317.0,
        1.0,
        1.0,
        8.0
      ],
      [
        0.2,
        61.8,
        2.4,
        0.6
      ],
      [
        0.0,
        4.0,
        134.2,
        4.8
      ],
      [
        10.6,
        14.2,
        7.0,
        226.2
      ]
    ],
    "per_class": {
      "anger": {
        "precision": 0.96875,
        "recall": 0.9480122324159022,
        "f1": 0.9582689335394127,
        "support": 327
      },
      "happiness": {
        "precision": 0.7922077922077922,
        "recall": 0.9384615384615385,
        "f1": 0.8591549295774648,
        "support": 65
      },
      "neutral": {
        "precision": 0.950354609929078,
        "recall": 0.9370629370629371,
        "f1": 0.9436619718309859,
        "support": 143
      },
      "sadness": {
        "precision": 0.9137254901960784,
        "recall": 0.9031007751937985,
        "f1": 0.9083820662768031,
        "support": 258
      }
    }
  },
  "test": {
    "WA": {
      "mean": 0.9046709129511677,
      "std": 0.003577982918546224,
      "ci_95": 0.0031362403070553596,
      "values": [
        0.9044585987261147,
        0.9023354564755839,
        0.9002123142250531,
        0.910828025477707,
        0.9055201698513801
      ]
    },
    "UA": {
      "mean": 0.9002036150998862,
      "std": 0.004394520703974237,
      "ci_95": 0.003851967232865717,
      "values": [
        0.9025396019421754,
        0.9021705469775323,
        0.8963795854880414,
        0.9059847824619358,
        0.8939435586297456
      ]
    },
    "WF1": {
      "mean": 0.9045880791630267,
      "std": 0.0036659572942950983,
      "ci_95": 0.0032133532473607763,
      "values": [
        0.9043425000015984,
        0.901878034770021,
        0.900159301202699,
        0.9108212243898811,
        0.905739335450934
      ]
    },
    "Macro_F1": {
      "mean": 0.9019908994705071,
      "std": 0.003624025822334031,
      "ci_95": 0.0031765986916537595,
      "values": [
        0.9011124536248303,
        0.9000919528313751,
        0.897537269246471,
        0.908373311932875,
        0.902839509716984
      ]
    },
    "confusion_matrix": [
      [
        155.6,
        1.2,
        3.0,
        10.2
      ],
      [
        1.4,
        121.0,
        4.0,
        16.6
      ],
      [
        1.0,
        5.4,
        230.4,
        8.2
      ],
      [
        6.4,
        11.2,
        21.2,
        345.2
      ]
    ],
    "per_class": {
      "anger": {
        "precision": 0.9934640522875817,
        "recall": 0.8941176470588236,
        "f1": 0.9411764705882353,
        "support": 170
      },
      "happiness": {
        "precision": 0.8633093525179856,
        "recall": 0.8391608391608392,
        "f1": 0.851063829787234,
        "support": 143
      },
      "neutral": {
        "precision": 0.9176954732510288,
        "recall": 0.9102040816326531,
        "f1": 0.9139344262295082,
        "support": 245
      },
      "sadness": {
        "precision": 0.8796068796068796,
        "recall": 0.9322916666666666,
        "f1": 0.9051833122629582,
        "support": 384
      }
    }
  }
}